cdr@usna.bluenet		usna.bluenet/cdr
cp@usna.bluenet			usna.bluenet/cp
mason@usna.bluenet		usna.bluenet/mason
harihara@usna.bluenet		usna.bluenet/harihara
pfau@usna.bluenet		usna.bluenet/pfau
markel@usna.bluenet		usna.bluenet/markel
budzitowski@usna.bluenet	usna.bluenet/budzitowski
rubberneck@usna.bluenet		usna.bluenet/rubberneck
forum@usna.bluenet		usna.bluenet/forum
graycell@usna.bluenet		usna.bluenet/graycell
